@01	admin	Ingresar y comprobar su identidad	Entrar con su propia cuenta y reconocer a la persona conectada.	Tenga la dirección del App, su código o correo y su contraseña individual. No necesita entrar en Supabase.	Su nombre y su código aparecen bajo Sesión iniciada. La página muestra las funciones permitidas a esa cuenta.	Las cuentas de las imágenes son de formación. No copie sus nombres ni use una cuenta compartida.	Pantallas del App con datos de formación; los valores no deben copiarse al operativo real.
01.1	native/login		Abrir la dirección correcta	Abra el enlace del App que recibió de la empresa, terminado en /v3/. Compruebe que empieza con HTTPS. No entre a una dirección que diga demo, pruebas o ensayo para realizar el trabajo real.	null
01.2	native/login_form	code	Escribir el código o correo	Pulse Código o correo y escriba exactamente el identificador recibido. Si le entregaron un código, use ese código; no hace falta crear una cuenta de correo. Revise espacios añadidos al copiar.	null
01.3	native/login_form	password	Escribir la contraseña	Pulse Contraseña e introduzca su clave individual, respetando mayúsculas y minúsculas. No es la frase de protección del teléfono. Los caracteres se ocultan; no envíe capturas que revelen credenciales.	null
01.4	native/login_form	Ingresar	Ingresar una sola vez	Pulse Ingresar y espere. Si aparece un error, lea la explicación antes de repetir. Una contraseña incorrecta se corrige en el campo; no cree otra persona ni pida cambiar permisos técnicos.	null
01.5	read/identity	session	Revisar quién está conectado	En la cabecera, lea Sesión iniciada, su nombre y su código. Si no son los suyos, pulse Salir y entre con la cuenta correcta. El distintivo identifica a la persona, no concede permisos. Si su ficha no tiene un nombre diferente, se muestra su código.	null
01.6	read/password	password	Cambiar su propia contraseña	En una computadora, pulse Mi contraseña en el menú lateral. Escriba la nueva clave, de al menos 16 caracteres, repítala y confirme. Para una clave olvidada, solicite Restablecer clave al responsable autorizado.	null
@02	admin	Orientarse y seleccionar ciudad	Encontrar la tarea correcta sin perder el contexto de trabajo.	Entre como administrador de empresa. Un encuestador no tendrá estos cinco espacios.	La ciudad y el local elegidos aparecen en el resumen de filtros y se conservan al cambiar de área compatible.	Una vista filtrada no representa automáticamente las cuatro ciudades completas.	Pantallas del App con datos de formación; los valores no deben copiarse al operativo real.
02.1	flow/a_results		Reconocer los cinco espacios	Resultados muestra cifras; Locales organiza lugares; Equipo reúne personas, tareas y cuentas; Registro permite verificar respuestas; Administración contiene empresa, candidaturas, importaciones y jornada. Pulse el nombre del área que necesita.	null
02.2	read/identity_390		Usar el menú del teléfono	En pantalla pequeña, use los cinco botones de la barra inferior. Las secciones del área aparecen arriba del contenido. Deslice la página verticalmente; no cambie la escala para poder pulsar botones.	null
02.3	flow/a_city		Seleccionar una ciudad	En Resultados, pulse el nombre de la ciudad. La tarjeta y los filtros pasan a esa ciudad. Todas las ciudades vuelve a mostrar los cuatro municipios, cada uno con su propia base.	null
02.4	flow/a_city		Elegir local y punto	En Local de votación seleccione el establecimiento. Después, en Punto de encuesta, seleccione su entrada o zona. Al cambiar de ciudad, los lugares incompatibles se limpian para no mezclar datos.	null
02.5	flow/a_city	filter-reset	Comprobar o limpiar filtros	Lea el resumen situado debajo de los selectores. Pulse Limpiar filtros para volver al conjunto completo. Para buscar personas o registros, escriba el nombre o código y pulse Buscar.	null
@03	admin	Configurar y corregir la empresa	Guardar contactos de soporte que el equipo pueda reconocer.	Prepare nombre de empresa y contacto operativo. Los datos del ejemplo no son datos de un cliente.	Al volver a Administración, Empresa, se conservan los valores guardados.	No escriba nombres de votantes, contraseñas ni claves de plataforma en Notas internas.	Pantallas del App con datos de formación; los valores no deben copiarse al operativo real.
03.1	read/company		Abrir Empresa	Pulse Administración y luego Empresa. Busque Datos de la empresa. Este bloque permite modificar información de contacto, no crear otra instalación o una segunda elección.	null
03.2	read/company_form	name	Completar nombre y responsable	En Nombre de la empresa escriba la denominación real. En Contacto responsable indique quién atiende al equipo. Use una persona o contacto de la organización; no incluya información de votantes.	null
03.3	read/company_form	support_email	Completar los medios de soporte	Escriba Correo de soporte y Teléfono de soporte. Compruebe el correo completo y el código de país del teléfono. No confunda este contacto con la cuenta de ingreso de cada encuestador.	null
03.4	read/company_form	notes	Añadir notas operativas	Use Notas internas de administración para instrucciones internas breves. Este campo no sustituye el protocolo de selección de entrevistados ni se entrega automáticamente a todos los usuarios.	null
03.5	flow/a_company_saved	Guardar datos de empresa	Guardar y comprobar	Pulse Guardar datos de empresa una vez. Espere la confirmación. Salga de esta sección y vuelva a entrar para comprobar el dato. Para corregirlo, modifique el mismo campo y vuelva a guardar.	null
03.6	read/company_form	name	Resolver cambios simultáneos	Si otro administrador modificó la misma ficha y aparece una advertencia, anote el cambio que necesita conservar, actualice la información y aplíquelo sobre la versión vigente. No repita a ciegas.	null
@04	admin	Definir la jornada de trabajo	Establecer fecha y reglas operativas sin comenzar a recibir encuestas.	La empresa debe haber decidido la fecha, el cargo y la política operativa.	La configuración queda guardada. Guardar no abre la operación ni sus puntos.	No cambie la fecha del operativo real para introducir respuestas de práctica.	Pantallas del App con datos de formación; los valores no deben copiarse al operativo real.
04.1	read/settings		Abrir Jornada	Entre a Administración y pulse Jornada. Revise el estado visible: Preparación, En operación, En pausa o Cerrado. Configurar los campos no equivale a cambiar ese estado.	null
04.2	read/settings_form	fieldwork_date	Revisar nombre, cargo y fecha	Complete Nombre y Cargo con el operativo real. Seleccione Fecha electoral en el calendario y revise año, mes y día. Para esta instalación, la fecha prevista es 4 de octubre de 2026.	null
04.3	read/settings_form	lease_minutes	Definir la renovación de tareas	En Minutos sin renovar tarea, indique el período aprobado entre 15 y 240 minutos. Al vencer, el teléfono necesita recuperar autorización; no significa que pueda entrevistar indefinidamente sin conectarse.	null
04.4	read/settings_form	drain_hours	Definir recepción de pendientes	En Horas de recepción de pendientes, indique un valor de 1 a 72. Es una ventana para recibir lo ya capturado según las reglas de la tarea, no permiso para añadir entrevistas nuevas después de cerrarla.	null
04.5	read/settings_form	retention_policy	Documentar conservación y guardar	Explique en Política de conservación y responsables quién conserva los datos y qué reglas aplica la empresa. Pulse Guardar configuración. Vuelva a abrir Jornada y compruebe los valores antes de continuar.	null
@05	admin	Crear candidaturas y guardar un borrador	Preparar la pregunta y los nombres reales de una ciudad.	Tenga una lista verificada de candidaturas, listas, cargo y protocolo. No invente un documento de referencia.	La nueva versión aparece como Borrador. Todavía no está disponible para entrevistar.	Mantenga el orden verificado. Las imágenes usan candidaturas DEMO, nunca deben copiarse como reales.	Pantallas del App con datos de formación; los valores no deben copiarse al operativo real.
05.1	read/catalog		Crear una nueva versión	Entre a Administración, Candidaturas. Pulse Nueva versión. Se abre Formulario versionado. Prepare una ciudad a la vez; no reúna candidaturas de ciudades distintas en una misma pregunta.	null
05.2	read/questionnaire-new	district_id	Elegir ciudad y cargo	En Ciudad elija el municipio correcto. En Cargo escriba el puesto por el que se preguntará. Revise ambos antes de introducir las candidaturas: determinan la pregunta que verá el encuestador.	null
05.3	read/questionnaire-new	sample_interval	Indicar el intervalo de selección	En Seleccionar cada N.º elector escriba el intervalo aprobado, entre 1 y 100. Por ejemplo, 5 solo es correcto si el protocolo de la empresa indica cada quinto elector; no lo elija al azar.	null
05.4	flow/a_candidate_form	methodology	Explicar el protocolo	En Protocolo de selección y rechazos describa cómo seleccionar contactos y registrar negativas. En Referencia verificada escriba la referencia real utilizada para comprobar la pregunta y candidaturas. No basta con escribir OK.	null
05.5	flow/a_candidate_form	candidate_name	Completar cada candidatura	En cada fila escriba Nombre y Lista. Use el nombre real con tildes y la lista verificada. Pulse Añadir candidatura para agregar otra fila. Quitar esta fila elimina solo esa fila del borrador.	null
05.6	flow/a_candidate_form		Revisar y guardar el borrador	Compruebe que no falta ni sobra ninguna candidatura y que cada lista corresponde al nombre. Pulse Confirmar. Regrese a Candidaturas y revise la tarjeta de la nueva versión; guardar no la publica.	null
@06	admin	Publicar o modificar la pregunta	Habilitar únicamente la versión revisada y conservar el historial.	Debe existir un borrador completo y una verificación real de la información.	La tarjeta muestra Publicada y la versión correspondiente. Las tareas posteriores deben usar esa versión.	Publicar una versión nueva pausa puntos y finaliza tareas anteriores de esa ciudad; avise al equipo antes de hacerlo.	Pantallas del App con datos de formación; los valores no deben copiarse al operativo real.
06.1	read/catalog		Localizar el borrador correcto	En Candidaturas, lea la ciudad, el número de versión y el estado de la tarjeta. No use la tarjeta de otro municipio. Una versión anterior debe conservarse para interpretar entrevistas históricas.	null
06.2	flow/a_candidate_form		Corregir antes de publicar	Si sigue siendo Borrador, pulse Editar borrador en esa tarjeta, corrija los campos y confirme. Revise de nuevo nombres, listas, cargo, intervalo y protocolo; no reutilice una candidatura para representar otra persona.	null
06.3	read/catalog		Publicar la versión revisada	Pulse Publicar versión en el borrador. En la confirmación, lea el aviso de cambio de versión. Marque que verificó cargo, candidaturas, listas, orden y protocolo solamente cuando realmente lo haya comprobado; después confirme.	null
06.4	read/catalog		Modificar una versión ya publicada	Para cambiar información que ya estaba publicada, pulse Crear nueva versión en la tarjeta que desea copiar. Conserve la identidad de las candidaturas que siguen siendo las mismas.	null
06.5	flow/a_tasks		Revisar el trabajo después del cambio	Compruebe los puntos y tareas de esa ciudad. Asigne la versión nueva a las personas que corresponda y pida confirmar la nueva tarea. No modifique entrevistas anteriores para hacerlas coincidir con el nuevo formulario.	null
@07	admin	Añadir y corregir un local	Registrar el establecimiento físico y su dirección.	Verifique el lugar con la empresa. Un local puede contener varios puntos de encuesta.	El local aparece en Locales con la ciudad y dirección correctas. Puede no tener puntos todavía.	Un código interno no convierte al establecimiento en un local oficial.	Pantallas del App con datos de formación; los valores no deben copiarse al operativo real.
07.1	read/points	station-new	Abrir el alta de local	Pulse Locales y después Añadir local. Se abre el formulario para el establecimiento completo, no para la entrada específica donde se hará la entrevista.	null
07.2	read/station-new	code	Elegir ciudad y código interno	Seleccione Ciudad. En Código interno único escriba el identificador acordado y no repetido. Utilice un código estable que el equipo pueda reconocer; no copie los códigos DEMO del tutorial.	null
07.3	read/station-new	name	Escribir nombre y dirección	En Nombre real del local escriba la denominación confirmada. En Dirección indique calle y referencias útiles. Deje Código oficial vacío si no dispone de una identificación oficial verificada.	null
07.4	flow/a_station_form		Guardar y localizarlo	Pulse Confirmar y espere. Busque el local en la ciudad seleccionada. Compruebe nombre y dirección; si los filtros no lo muestran, pulse Limpiar filtros antes de pensar que el alta falló.	null
07.5	read/station-edit	name	Corregir el mismo local	En la ficha, pulse Editar local. Corrija nombre, dirección o dato permitido y confirme. No use esta edición para sustituir el establecimiento por otro: un lugar nuevo necesita su propia ficha.	null
@08	admin	Crear, aprobar y abrir un punto	Distinguir el establecimiento de la ubicación exacta de entrevista.	Cree primero el local. Para abrir, deben cumplirse las reglas de fecha, operación y formulario.	El punto queda Borrador, Aprobado o Abierto según el último paso realmente completado.	No pulse Abrir punto solamente para probar: ese control puede permitir entrevistas cuando los demás requisitos estén cumplidos.	Pantallas del App con datos de formación; los valores no deben copiarse al operativo real.
08.1	read/points	point-new	Añadir el punto	En Locales pulse Añadir punto. Elija en Local el establecimiento correcto. Un mismo colegio puede tener puntos diferentes en entradas distintas.	null
08.2	read/point-new	label	Identificar la ubicación concreta	En Código único del punto escriba un código no repetido. En Ubicación concreta de la encuesta explique la entrada o zona exacta. Una etiqueta como Entrada norte es más útil que un nombre genérico.	null
08.3	read/point-new	latitude	Completar solo datos conocidos	Revise Punto previsto en el plan. Latitud y Longitud son opcionales: use coordenadas verificadas o deje ambas vacías. No introduzca ceros para reemplazar una ubicación desconocida.	null
08.4	read/point-new		Guardar el borrador	Pulse Confirmar. Busque el punto debajo de su local y compruebe su estado. Crear una ficha no acredita que el lugar esté autorizado para trabajar.	null
08.5	read/points		Aprobar el lugar verificado	En el punto Borrador, pulse Aprobar punto. Verifique lugar, permiso operativo y ciudad; marque la confirmación, escriba el motivo o referencia real y confirme. El punto debe pasar a Aprobado.	null
08.6	read/points		Abrir solo cuando corresponda	Cuando sea el día correcto y la operación esté preparada, pulse Abrir punto, indique el motivo y confirme. Para detener nuevas capturas en ese lugar, use Pausar punto. Los demás lugares no se abren automáticamente.	null
@09	admin	Crear cuentas de coordinación y lectura	Entregar accesos individuales, sin compartir cuentas.	Necesita permisos de administración. La creación de administradores adicionales está reservada al propietario autorizado.	La cuenta aparece en Cuentas; la contraseña inicial se entrega privadamente a su titular.	El ejemplo muestra el formulario. No es evidencia de que se haya creado una cuenta real ni contiene contraseñas reutilizables.	Pantallas del App con datos de formación; los valores no deben copiarse al operativo real.
09.1	read/access		Entrar a Cuentas	Pulse Equipo y luego Cuentas. Busque a la persona antes de crear un acceso, para evitar duplicados. Los encuestadores se incorporan desde Personal; no se crean como Viewer para después reutilizar su identidad.	null
09.2	read/access-new	role	Seleccionar el rol	Pulse Crear acceso. En Rol seleccione Coordinador o Viewer según el trabajo de la persona. Si necesita un administrador de empresa y esa opción no aparece, solicítelo al responsable autorizado.	null
09.3	read/access-new	code	Escribir un código y un nombre	Complete Código único con COORD- o VIEW- seguido de 3 a 12 letras mayúsculas o números. Complete Nombre con la persona real. El código será su identificador de ingreso y no debe reciclarse.	null
09.4	read/access-new		Confirmar y esperar la respuesta	Pulse Confirmar una sola vez. En Credenciales privadas, use Guardar credencial privada antes de cerrar. Entregue ese archivo únicamente al titular, junto con el enlace del App; no lo publique.	null
09.5	read/access		Comprobar antes de reintentar	Si se corta la conexión, revise Cuentas. La cuenta puede haberse creado aunque no vea la respuesta. Si existe pero perdió la clave inicial, use Restablecer clave; no cambie el código para crear otra cuenta.	null
